Kenyon Jordan,(349) 299-7074,kjorndan@company.com,Manager,Braylon Mayer
Ethen Garza,(743) 558-2514,egarza@company.com,Associate,Kenyon Jordan
Adonis Forbes,(682) 940-3590,aforbes@company.com,Associate,Kenyon Jordan
Nevaeh Wang,(656) 954-8482,nwang@company.com,Manager,Braylon Mayer
Tatum Calhoun,(707) 935-3886,tcalhoun@company.com,Associate,Nevaeh Wang
King Berger,(415) 304-6284,kberger@company.com,Associate,Nevaeh Wang
Janet Krause,(950) 754-5547,jkrause@company.com,Associate,Nevaeh Wang
Kennedy Aguilar,(784) 679-5551,kaguilar@company.com,Associate,Nevaeh Wang
Ivy Cabrera,(892) 205-0296,icabera@company.com,Manager,Braylon Mayer
Madilynn Singh,(402) 446-6611,msignh@company.com,Associate,Ivy Cabrera
Addisyn Clements,(693) 410-6296,aclements@company.com,Associate,Ivy Cabrera
Brody Blackburn,(799) 631-1468,bblackburn@company.com,Associate,Ivy Cabrera
Emmy Chandler,(292) 492-8791,echandler@company.com,Associate,Ivy Cabrera
Aditya Mercer,(230) 385-6525,amercer@company.com,Associate,Ivy Cabrera
Malia Stevenson,(640) 364-4484,mstevenson@company.com,Associate,Ivy Cabrera
Alvaro Melton,(680) 842-6600,alvaro@company.com,Manager,Braylon Mayer
Kaia Fowler,(542) 432-0828,kfowler@company.com,Associate,Alvaro Melton
Camilla Clayton,(699) 250-3138,cclayton@company.com,Manager,Braylon Mayer
Mollie Horn,(480) 338-6875,mhorn@company.com,Associate,Camilla Clayton
Cade Mcdonald,(820) 452-1119,cmcdonald@company.com,Associate,Camilla Clayton
Jaylen Hester,(351) 805-6188,jhester@company.com,Manager,Braylon Mayer
Lily Sanchez,(642) 545-6101,lsanchez@company.com,Associate,Jaylen Hester
Rowan Gonzalez,(768) 283-6804,rgonzalez@company.com,Manager,Braylon Mayer
Karma Fritz,(448) 867-8399,kfritz@company.com,Associate,Rowan Gonzalez
Braylon Mayer,(555) 695-4992,bmayer@company.com,CEO,Board of Directors
